stage,run_name,model,seq_len,include_metadata,test_auc,test_bce,test_accuracy,test_f1
Phase 2 10k,phase2_10k_gru_seq50,gru,50,True,0.7513364196912656,0.548246411790484,0.720162006972452,0.8041075799300889
Phase 3 10k,phase3_10k_gru_seq50_no_metadata,gru,50,False,0.7506606282453168,0.5490789664256253,0.7189144849271994,0.8011297686295752
