stage,run_name,model,seq_len,include_metadata,test_auc,test_bce,test_accuracy,test_f1
Phase 2 10k,phase2_10k_gru_seq50,gru,50,True,0.7513364196912656,0.548246411790484,0.720162006972452,0.8041075799300889
Phase 3 10k,phase3_10k_gru_seq100,gru,100,True,0.7543387614372277,0.5460971657495246,0.7212215462437623,0.8047025583928935
Phase 3 10k,phase3_10k_gru_seq20,gru,20,True,0.7445546979386701,0.5534283402940064,0.7167988242531957,0.8016241827014008
